Sample,Power,Temp
0,0,21.2
1,0.338143,21
2,0.672189,27.91
3,1.44491,35.62
4,5.80454,49.54
5,5.23391,108.93
